{
  "id": "noru64",
  "name": "noru64",
  "layouts": {
    "LAYOUT": {
      "layout": [
        { "label":         "~", "row": 0, "col":  0, "x":  2.25, "y": 1.25 },
        { "label":         "!", "row": 0, "col":  1, "x":  3.25, "y": 1.25 },
        { "label":         "@", "row": 0, "col":  2, "x":  4.25, "y": 1.25 },
        { "label":         "#", "row": 0, "col":  3, "x":  5.25, "y": 1.25 },
        { "label":         "$", "row": 0, "col":  4, "x":  6.25, "y": 1.25 },
        { "label":         "%", "row": 0, "col":  5, "x":  7.25, "y": 1.25 },
        { "label":         "^", "row": 0, "col":  6, "x":  8.25, "y": 1.25 },
        { "label":         "&", "row": 0, "col":  7, "x": 10.75, "y": 1.25 },
        { "label":         "*", "row": 0, "col":  8, "x": 11.75, "y": 1.25 },
        { "label":         "(", "row": 0, "col":  9, "x": 12.75, "y": 1.25 },
        { "label":         ")", "row": 0, "col": 10, "x": 13.75, "y": 1.25 },
        { "label":         "_", "row": 0, "col": 11, "x": 14.75, "y": 1.25 },
        { "label":         "+", "row": 0, "col": 12, "x": 15.75, "y": 1.25 },
        { "label": "Backspace", "row": 0, "col": 14, "x": 16.75, "y": 1.25, "w":    2 },
        { "label":      "Home", "row": 0, "col": 15, "x": 18.75, "y": 1.25 },

        { "label":       "Tab", "row": 1, "col":  0, "x":  2.25, "y": 2.25, "w":  1.5 },
        { "label":         "Q", "row": 1, "col":  1, "x":  3.75, "y": 2.25 },
        { "label":         "W", "row": 1, "col":  2, "x":  4.75, "y": 2.25 },
        { "label":         "E", "row": 1, "col":  3, "x":  5.75, "y": 2.25 },
        { "label":         "R", "row": 1, "col":  4, "x":  6.75, "y": 2.25 },
        { "label":         "T", "row": 1, "col":  6, "x":  7.75, "y": 2.25 },
        { "label":         "Y", "row": 1, "col":  7, "x": 10.25, "y": 2.25 },
        { "label":         "U", "row": 1, "col":  8, "x": 11.25, "y": 2.25 },
        { "label":         "I", "row": 1, "col":  9, "x": 12.25, "y": 2.25 },
        { "label":         "O", "row": 1, "col": 10, "x": 13.25, "y": 2.25 },
        { "label":         "P", "row": 1, "col": 11, "x": 14.25, "y": 2.25 },
        { "label":         "{", "row": 1, "col": 12, "x": 15.25, "y": 2.25 },
        { "label":         "}", "row": 1, "col": 13, "x": 16.25, "y": 2.25 },
        { "label":         "|", "row": 1, "col": 14, "x": 17.25, "y": 2.25, "w":  1.5 },
        { "label":   "Page Up", "row": 1, "col": 15, "x": 18.75, "y": 2.25 },

        { "label": "Caps Lock", "row": 2, "col":  0, "x":  2.25, "y": 3.25, "w": 1.75 },
        { "label":         "A", "row": 2, "col":  1, "x":     4, "y": 3.25 },
        { "label":         "S", "row": 2, "col":  2, "x":     5, "y": 3.25 },
        { "label":         "D", "row": 2, "col":  3, "x":     6, "y": 3.25 },
        { "label":         "F", "row": 2, "col":  5, "x":     7, "y": 3.25 },
        { "label":         "G", "row": 2, "col":  6, "x":     8, "y": 3.25 },
        { "label":         "H", "row": 2, "col":  7, "x":  10.5, "y": 3.25 },
        { "label":         "J", "row": 2, "col":  8, "x":  11.5, "y": 3.25 },
        { "label":         "K", "row": 2, "col":  9, "x":  12.5, "y": 3.25 },
        { "label":         "L", "row": 2, "col": 10, "x":  13.5, "y": 3.25 },
        { "label":         ":", "row": 2, "col": 11, "x":  14.5, "y": 3.25 },
        { "label":        "\"", "row": 2, "col": 12, "x":  15.5, "y": 3.25 },
        { "label":     "Enter", "row": 2, "col": 14, "x":  16.5, "y": 3.25, "w": 2.25 },
        { "label": "Page Down", "row": 2, "col": 15, "x": 18.75, "y": 3.25 },

        { "label":     "Shift", "row": 3, "col":  0, "x":  2.25, "y": 4.25, "w": 2.25 },
        { "label":         "Z", "row": 3, "col":  2, "x":   4.5, "y": 4.25 },
        { "label":         "x", "row": 3, "col":  3, "x":   5.5, "y": 4.25 },
        { "label":         "C", "row": 3, "col":  4, "x":   6.5, "y": 4.25 },
        { "label":         "V", "row": 3, "col":  5, "x":   7.5, "y": 4.25 },
        { "label":         "B", "row": 3, "col":  6, "x":   8.5, "y": 4.25 },
        { "label":         "N", "row": 3, "col":  7, "x":    11, "y": 4.25 },
        { "label":         "M", "row": 3, "col":  8, "x":    12, "y": 4.25 },
        { "label":         "<", "row": 3, "col":  9, "x":    13, "y": 4.25 },
        { "label":         ">", "row": 3, "col": 10, "x":    14, "y": 4.25 },
        { "label":         "?", "row": 3, "col": 12, "x":    15, "y": 4.25 },
        { "label":     "Shift", "row": 3, "col": 13, "x":    16, "y": 4.25, "w": 1.75 },
        { "label":         "↑", "row": 3, "col": 14, "x": 17.75, "y": 4.25 },
        { "label":       "End", "row": 3, "col": 15, "x": 18.75, "y": 4.25 },

        { "label":      "Ctrl", "row": 4, "col":  0, "x":  2.25, "y": 5.25, "w": 1.25 },
        { "label":       "Win", "row": 4, "col":  1, "x":   3.5, "y": 5.25 },
        { "label":       "Alt", "row": 4, "col":  2, "x":   4.5, "y": 5.25, "w": 1.25 },
        { "label":        "Fn", "row": 4, "col":  3, "x":  5.75, "y": 5.25, "w":  1.5 },
        { "label":     "Space", "row": 4, "col":  6, "x":  7.25, "y": 5.25, "w": 2.25 },
        { "label":     "Space", "row": 4, "col":  8, "x":    11, "y": 5.25, "w": 2.75 },
        { "label":       "Alt", "row": 4, "col": 10, "x": 13.75, "y": 5.25, "w": 1.25 },
        { "label":      "Ctrl", "row": 4, "col": 11, "x":    15, "y": 5.25, "w": 1.25 },
        { "label":         "←", "row": 4, "col": 13, "x": 16.75, "y": 5.25 },
        { "label":         "↓", "row": 4, "col": 14, "x": 17.75, "y": 5.25 },
        { "label":         "→", "row": 4, "col": 15, "x": 18.75, "y": 5.25 }
      ]
    }
  },
  "sensors": []
}