{
  "keyboard": "noru64_v1",
  "keymap": "Default",
  "layout": "",
  "layer_names": [
    "default_layer",
    "function_layer",
    "control_layer"
  ],
  "layers": [
    [
         "&kp ESC",   "&kp N1",   "&kp N2", "&kp N3", "&kp N4", "&kp N5",    "&kp N6", "&kp N7",    "&kp N8",    "&kp N9",   "&kp N0", "&kp MINUS", "&kp EQUAL",              "&kp BSPC",  "&kp HOME",
         "&kp TAB",    "&kp Q",    "&kp W",  "&kp E",  "&kp R",               "&kp T",  "&kp Y",     "&kp U",     "&kp I",    "&kp O",     "&kp P",  "&kp LBKT",  "&kp RBKT", "&kp BSLH",   "&kp END",
        "&kp CAPS",    "&kp A",    "&kp S",  "&kp D",            "&kp F",     "&kp G",  "&kp H",     "&kp J",     "&kp K",    "&kp L",  "&kp SEMI",   "&kp SQT",               "&kp RET", "&kp PG_UP",
       "&kp LSHFT",                "&kp Z",  "&kp X",  "&kp C",  "&kp V",     "&kp B",  "&kp N",     "&kp M", "&kp COMMA",  "&kp DOT",               "&kp FSLH", "&kp RSHFT",   "&kp UP", "&kp PG_DN",
       "&kp LCTRL", "&kp LGUI", "&kp LALT",  "&mo 2",                     "&kp SPACE",           "&kp SPACE",              "&kp RALT",     "&mo 1",               "&kp LEFT", "&kp DOWN", "&kp RIGHT"
    ], [
       "&kp GRAVE", "&kp F1", "&kp F2", "&kp F3", "&kp F4", "&kp F5", "&kp F6", "&kp F7", "&kp F8", "&kp F9", "&kp F10", "&kp F11", "&kp F12",           "&trans", "&trans",
          "&trans", "&trans", "&trans", "&trans",  "&none",           "&trans", "&trans", "&trans", "&trans",  "&trans",  "&trans",  "&trans", "&trans", "&trans", "&trans",
          "&trans", "&trans", "&trans", "&trans",           "&trans", "&trans", "&trans", "&trans", "&trans",  "&trans",  "&trans",  "&trans",           "&trans", "&trans",
          "&trans",           "&trans", "&trans", "&trans", "&trans", "&trans", "&trans", "&trans", "&trans",  "&trans",             "&trans", "&trans", "&trans", "&trans",
          "&trans", "&trans", "&trans", "&trans",                     "&trans",           "&trans",            "&trans",  "&trans",            "&kp C_VOL_DN", "&kp C_MUTE", "&kp C_VOL_UP"
    ], [
              "&bt BT_CLR",      "&bt BT_NXT",           "&none",           "&none",           "&none",           "&none",     "&bootloader",  "&none",  "&none",  "&none",  "&none",  "&none",  "&none",            "&none", "&bootloader",
            "&out OUT_TOG",           "&none",      "&bl BL_TOG",      "&bl BL_INC",      "&bl BL_DEC",                       "&bl BL_CYCLE",  "&none",  "&none",  "&none",  "&none",  "&none",  "&none",  "&none",  "&none",       "&none",
         "&rgb_ug RGB_TOG", "&rgb_ug RGB_EFF", "&rgb_ug RGB_HUI", "&rgb_ug RGB_SAI",                    "&rgb_ug RGB_BRI", "&rgb_ug RGB_SPI",  "&none",  "&none",  "&none",  "&none",  "&none",  "&none",            "&none",       "&none",
       "&ext_power EP_TOG",                              "&none", "&rgb_ug RGB_HUD", "&rgb_ug RGB_SAD", "&rgb_ug RGB_BRD", "&rgb_ug RGB_SPD",  "&none",  "&none",  "&none",  "&none",            "&none",  "&none",  "&none",       "&none",
                   "&none",           "&none",           "&none",          "&trans",                                                 "&none",            "&none",            "&none", "&trans",            "&none",  "&none",       "&none"
    ]
  ]
}
